userid,name,email,password
rashk,Rashod Korala,rashodkorala2002@gmail.com,123456
sarah,Sarah Smith,sarahSmith@gmail.com,1234563
james,James Smith,jamessmith@gmail.com,123456
mike01,Mike Johnson,mike.johnson@gmail.com,qwerty789
emma23,Emma Williams,emmawilliams@yahoo.com,emma12345
oliv03,Olivia Brown,oliviabrown@hotmail.com,olivia123
lucas9,Lucas Jones,lucas.jones@outlook.com,lucas987
mia_03,Mia Davis,miadavis@gmail.com,miapass123
benj24,Benjamin Wilson,benjamin.wilson@yahoo.com,ben123456
sophi8,Sophia White,sophiawhite@hotmail.com,sophia789
lily02,Lily Taylor,lilytaylor@gmail.com,lily321
noah12,Noah Thomas,noahthomas@outlook.com,noahpass123
ella18,Ella Jackson,ellajackson@yahoo.com,ella1234
liam07,Liam Lee,liam.lee@gmail.com,liampass789
